Ano pesquisa;Mercado de atuação;% Utiliza CRM
2014;Alojamento e Alimentação;13
2014;Artes, cultura, esportes e recreação, Outras atividades de serviços;25
2014;Atividades imobiliárias, Atividades profissionais, científicas e técnicas, Atividades administrativas e serviços complementares;52
2014;"Comércio; reparação de veículos automotores, objetos pessoais e domésticos";26
2014;Construção;15
2014;Indústria de Transformação;20
2014;Informação e Comunicação;31
2014;Transporte, Armazenagem e Correio;20
2024;Alojamento e Alimentação;20
2024;Artes, cultura, esportes e recreação, Outras atividades de serviços;37
2024;Atividades imobiliárias, Atividades profissionais, científicas e técnicas, Atividades administrativas e serviços complementares;31
2024;"Comércio; reparação de veículos automotores, objetos pessoais e domésticos";25
2024;Construção;18
2024;Indústria de Transformação;22
2024;Informação e Comunicação;58
2024;Transporte, Armazenagem e Correio;20
